[
  {
    "Username": "mmcellen1",
    "Tasks": [
      {
        "TaskName": "Pointed Gourd",
        "OpenDate": "10/08/2018",
        "DueDate": "10/24/2019",
        "LabelType": "Priority",
        "ExecutionType": "ProductBacklog"
      },
      {
        "TaskName": "Rubber Rabbitbrush",
        "OpenDate": "06/16/2018",
        "DueDate": "07/21/2019",
        "LabelType": "JavaAdvanced",
        "ExecutionType": "InProgress"
      },
      {
        "TaskName": "Sea Kale",
        "OpenDate": "02/10/2018",
        "DueDate": "07/03/2019",
        "LabelType": "JavaAdvanced",
        "ExecutionType": "ProductBacklog"
      },
      {
        "TaskName": "California Dwarf-flax",
        "OpenDate": "10/01/2018",
        "DueDate": "06/01/2019",
        "LabelType": "Hibernate",
        "ExecutionType": "Finished"
      },
      {
        "TaskName": "Pearson's",
        "OpenDate": "03/07/2018",
        "DueDate": "05/21/2019",
        "LabelType": "CSharpAdvanced",
        "ExecutionType": "SprintBacklog"
      },
      {
        "TaskName": "Leafy Reedgrass",
        "OpenDate": "06/22/2018",
        "DueDate": "04/28/2019",
        "LabelType": "CSharpAdvanced",
        "ExecutionType": "ProductBacklog"
      },
      {
        "TaskName": "Bashful Four O'clock",
        "OpenDate": "05/08/2018",
        "DueDate": "04/21/2019",
        "LabelType": "JavaAdvanced",
        "ExecutionType": "ProductBacklog"
      },
      {
        "TaskName": "Awned Mountainmint",
        "OpenDate": "10/19/2018",
        "DueDate": "04/17/2019",
        "LabelType": "JavaAdvanced",
        "ExecutionType": "Finished"
      },
      {
        "TaskName": "Greenman's Bluet",
        "OpenDate": "07/27/2018",
        "DueDate": "02/04/2019",
        "LabelType": "CSharpAdvanced",
        "ExecutionType": "InProgress"
      },
      {
        "TaskName": "Florida Toadwood",
        "OpenDate": "05/15/2018",
        "DueDate": "02/02/2019",
        "LabelType": "Priority",
        "ExecutionType": "ProductBacklog"
      },
      {
        "TaskName": "Olive",
        "OpenDate": "10/19/2018",
        "DueDate": "01/18/2019",
        "LabelType": "Hibernate",
        "ExecutionType": "ProductBacklog"
      },
      {
        "TaskName": "Yellow Wildrye",
        "OpenDate": "07/26/2018",
        "DueDate": "12/12/2018",
        "LabelType": "Priority",
        "ExecutionType": "SprintBacklog"
      },
      {
        "TaskName": "Spotted Phacelia",
        "OpenDate": "06/14/2018",
        "DueDate": "12/02/2018",
        "LabelType": "JavaAdvanced",
        "ExecutionType": "SprintBacklog"
      }
    ]
  },
  {
    "Username": "nbremenj",
    "Tasks": [
      {
        "TaskName": "Sea Kale",
        "OpenDate": "02/10/2018",
        "DueDate": "07/03/2019",
        "LabelType": "JavaAdvanced",
        "ExecutionType": "ProductBacklog"
      },
      {
        "TaskName": "Leafy Reedgrass",
        "OpenDate": "06/22/2018",
        "DueDate": "04/28/2019",
        "LabelType": "CSharpAdvanced",
        "ExecutionType": "ProductBacklog"
      },
      {
        "TaskName": "Saber Bogmat",
        "OpenDate": "08/16/2018",
        "DueDate": "03/12/2019",
        "LabelType": "Priority",
        "ExecutionType": "ProductBacklog"
      },
      {
        "TaskName": "Spherical Blazing Star",
        "OpenDate": "10/15/2018",
        "DueDate": "03/08/2019",
        "LabelType": "Hibernate",
        "ExecutionType": "Finished"
      },
      {
        "TaskName": "Lac Tree",
        "OpenDate": "06/22/2018",
        "DueDate": "02/24/2019",
        "LabelType": "JavaAdvanced",
        "ExecutionType": "SprintBacklog"
      },
      {
        "TaskName": "White Jungleflame",
        "OpenDate": "10/10/2018",
        "DueDate": "02/11/2019",
        "LabelType": "Hibernate",
        "ExecutionType": "Finished"
      },
      {
        "TaskName": "Yellow Wildrye",
        "OpenDate": "07/26/2018",
        "DueDate": "12/12/2018",
        "LabelType": "Priority",
        "ExecutionType": "SprintBacklog"
      },
      {
        "TaskName": "Burchell's Clover",
        "OpenDate": "06/17/2018",
        "DueDate": "12/03/2018",
        "LabelType": "Hibernate",
        "ExecutionType": "InProgress"
      },
      {
        "TaskName": "Spotted Phacelia",
        "OpenDate": "06/14/2018",
        "DueDate": "12/02/2018",
        "LabelType": "JavaAdvanced",
        "ExecutionType": "SprintBacklog"
      },
      {
        "TaskName": "Wirestem Buckwheat",
        "OpenDate": "04/13/2018",
        "DueDate": "11/22/2018",
        "LabelType": "Hibernate",
        "ExecutionType": "InProgress"
      },
      {
        "TaskName": "Sturdy Bulrush",
        "OpenDate": "10/25/2018",
        "DueDate": "11/20/2018",
        "LabelType": "EntityFramework",
        "ExecutionType": "SprintBacklog"
      }
    ]
  },
  {
    "Username": "olathleiffurec",
    "Tasks": [
      {
        "TaskName": "Lane Mountain Milkvetch",
        "OpenDate": "08/04/2018",
        "DueDate": "07/27/2019",
        "LabelType": "Priority",
        "ExecutionType": "ProductBacklog"
      },
      {
        "TaskName": "Southern Hawkweed",
        "OpenDate": "10/13/2018",
        "DueDate": "06/18/2019",
        "LabelType": "CSharpAdvanced",
        "ExecutionType": "InProgress"
      },
      {
        "TaskName": "Hairy Mountain Mahogany",
        "OpenDate": "09/21/2018",
        "DueDate": "04/29/2019",
        "LabelType": "Priority",
        "ExecutionType": "SprintBacklog"
      },
      {
        "TaskName": "Visher's",
        "OpenDate": "04/17/2018",
        "DueDate": "04/27/2019",
        "LabelType": "Priority",
        "ExecutionType": "InProgress"
      },
      {
        "TaskName": "Fineleaf",
        "OpenDate": "08/31/2018",
        "DueDate": "04/18/2019",
        "LabelType": "Hibernate",
        "ExecutionType": "ProductBacklog"
      },
      {
        "TaskName": "Strawberry Clover",
        "OpenDate": "10/08/2018",
        "DueDate": "04/04/2019",
        "LabelType": "CSharpAdvanced",
        "ExecutionType": "ProductBacklog"
      },
      {
        "TaskName": "Lac Tree",
        "OpenDate": "06/22/2018",
        "DueDate": "02/24/2019",
        "LabelType": "JavaAdvanced",
        "ExecutionType": "SprintBacklog"
      },
      {
        "TaskName": "Slender Cudweed",
        "OpenDate": "07/12/2018",
        "DueDate": "01/24/2019",
        "LabelType": "Priority",
        "ExecutionType": "ProductBacklog"
      },
      {
        "TaskName": "Tricharia Lichen",
        "OpenDate": "08/21/2018",
        "DueDate": "01/24/2019",
        "LabelType": "JavaAdvanced",
        "ExecutionType": "ProductBacklog"
      },
      {
        "TaskName": "Yellow Wildrye",
        "OpenDate": "07/26/2018",
        "DueDate": "12/12/2018",
        "LabelType": "Priority",
        "ExecutionType": "SprintBacklog"
      },
      {
        "TaskName": "Spotted Phacelia",
        "OpenDate": "06/14/2018",
        "DueDate": "12/02/2018",
        "LabelType": "JavaAdvanced",
        "ExecutionType": "SprintBacklog"
      }
    ]
  },
  {
    "Username": "ostollsteimer5",
    "Tasks": [
      {
        "TaskName": "Sea Kale",
        "OpenDate": "02/10/2018",
        "DueDate": "07/03/2019",
        "LabelType": "JavaAdvanced",
        "ExecutionType": "ProductBacklog"
      },
      {
        "TaskName": "Leafy Reedgrass",
        "OpenDate": "06/22/2018",
        "DueDate": "04/28/2019",
        "LabelType": "CSharpAdvanced",
        "ExecutionType": "ProductBacklog"
      },
      {
        "TaskName": "Visher's",
        "OpenDate": "04/17/2018",
        "DueDate": "04/27/2019",
        "LabelType": "Priority",
        "ExecutionType": "InProgress"
      },
      {
        "TaskName": "Fineleaf",
        "OpenDate": "08/31/2018",
        "DueDate": "04/18/2019",
        "LabelType": "Hibernate",
        "ExecutionType": "ProductBacklog"
      },
      {
        "TaskName": "Strawberry Clover",
        "OpenDate": "10/08/2018",
        "DueDate": "04/04/2019",
        "LabelType": "CSharpAdvanced",
        "ExecutionType": "ProductBacklog"
      },
      {
        "TaskName": "White Jungleflame",
        "OpenDate": "10/10/2018",
        "DueDate": "02/11/2019",
        "LabelType": "Hibernate",
        "ExecutionType": "Finished"
      },
      {
        "TaskName": "Munz's Buckwheat",
        "OpenDate": "07/18/2018",
        "DueDate": "12/18/2018",
        "LabelType": "CSharpAdvanced",
        "ExecutionType": "ProductBacklog"
      },
      {
        "TaskName": "Yellow Wildrye",
        "OpenDate": "07/26/2018",
        "DueDate": "12/12/2018",
        "LabelType": "Priority",
        "ExecutionType": "SprintBacklog"
      },
      {
        "TaskName": "Sturdy Bulrush",
        "OpenDate": "10/25/2018",
        "DueDate": "11/20/2018",
        "LabelType": "EntityFramework",
        "ExecutionType": "SprintBacklog"
      }
    ]
  },
  {
    "Username": "pclaffeyq",
    "Tasks": [
      {
        "TaskName": "Rubber Rabbitbrush",
        "OpenDate": "06/16/2018",
        "DueDate": "07/21/2019",
        "LabelType": "JavaAdvanced",
        "ExecutionType": "InProgress"
      },
      {
        "TaskName": "Digitgrass",
        "OpenDate": "06/02/2018",
        "DueDate": "05/18/2019",
        "LabelType": "EntityFramework",
        "ExecutionType": "ProductBacklog"
      },
      {
        "TaskName": "Hairy Mountain Mahogany",
        "OpenDate": "09/21/2018",
        "DueDate": "04/29/2019",
        "LabelType": "Priority",
        "ExecutionType": "SprintBacklog"
      },
      {
        "TaskName": "Leafy Reedgrass",
        "OpenDate": "06/22/2018",
        "DueDate": "04/28/2019",
        "LabelType": "CSharpAdvanced",
        "ExecutionType": "ProductBacklog"
      },
      {
        "TaskName": "Fleabane",
        "OpenDate": "10/02/2018",
        "DueDate": "03/21/2019",
        "LabelType": "Priority",
        "ExecutionType": "ProductBacklog"
      },
      {
        "TaskName": "Lac Tree",
        "OpenDate": "06/22/2018",
        "DueDate": "02/24/2019",
        "LabelType": "JavaAdvanced",
        "ExecutionType": "SprintBacklog"
      },
      {
        "TaskName": "Slender Cudweed",
        "OpenDate": "07/12/2018",
        "DueDate": "01/24/2019",
        "LabelType": "Priority",
        "ExecutionType": "ProductBacklog"
      },
      {
        "TaskName": "Munz's Buckwheat",
        "OpenDate": "07/18/2018",
        "DueDate": "12/18/2018",
        "LabelType": "CSharpAdvanced",
        "ExecutionType": "ProductBacklog"
      },
      {
        "TaskName": "Cypress Panicgrass",
        "OpenDate": "10/19/2018",
        "DueDate": "11/17/2018",
        "LabelType": "EntityFramework",
        "ExecutionType": "InProgress"
      }
    ]
  },
  {
    "Username": "ymarcumt",
    "Tasks": [
      {
        "TaskName": "Pointed Gourd",
        "OpenDate": "10/08/2018",
        "DueDate": "10/24/2019",
        "LabelType": "Priority",
        "ExecutionType": "ProductBacklog"
      },
      {
        "TaskName": "Southern Hawkweed",
        "OpenDate": "10/13/2018",
        "DueDate": "06/18/2019",
        "LabelType": "CSharpAdvanced",
        "ExecutionType": "InProgress"
      },
      {
        "TaskName": "California Dwarf-flax",
        "OpenDate": "10/01/2018",
        "DueDate": "06/01/2019",
        "LabelType": "Hibernate",
        "ExecutionType": "Finished"
      },
      {
        "TaskName": "Awned Mountainmint",
        "OpenDate": "10/19/2018",
        "DueDate": "04/17/2019",
        "LabelType": "JavaAdvanced",
        "ExecutionType": "Finished"
      },
      {
        "TaskName": "Strawberry Clover",
        "OpenDate": "10/08/2018",
        "DueDate": "04/04/2019",
        "LabelType": "CSharpAdvanced",
        "ExecutionType": "ProductBacklog"
      },
      {
        "TaskName": "Tricharia Lichen",
        "OpenDate": "08/21/2018",
        "DueDate": "01/24/2019",
        "LabelType": "JavaAdvanced",
        "ExecutionType": "ProductBacklog"
      },
      {
        "TaskName": "Spotted Phacelia",
        "OpenDate": "06/14/2018",
        "DueDate": "12/02/2018",
        "LabelType": "JavaAdvanced",
        "ExecutionType": "SprintBacklog"
      },
      {
        "TaskName": "American Star-thistle",
        "OpenDate": "09/21/2018",
        "DueDate": "11/29/2018",
        "LabelType": "CSharpAdvanced",
        "ExecutionType": "ProductBacklog"
      },
      {
        "TaskName": "Sturdy Bulrush",
        "OpenDate": "10/25/2018",
        "DueDate": "11/20/2018",
        "LabelType": "EntityFramework",
        "ExecutionType": "SprintBacklog"
      }
    ]
  },
  {
    "Username": "jbehlingp",
    "Tasks": [
      {
        "TaskName": "Lane Mountain Milkvetch",
        "OpenDate": "08/04/2018",
        "DueDate": "07/27/2019",
        "LabelType": "Priority",
        "ExecutionType": "ProductBacklog"
      },
      {
        "TaskName": "Fleabane",
        "OpenDate": "10/02/2018",
        "DueDate": "03/21/2019",
        "LabelType": "Priority",
        "ExecutionType": "ProductBacklog"
      },
      {
        "TaskName": "Lac Tree",
        "OpenDate": "06/22/2018",
        "DueDate": "02/24/2019",
        "LabelType": "JavaAdvanced",
        "ExecutionType": "SprintBacklog"
      },
      {
        "TaskName": "Greenman's Bluet",
        "OpenDate": "07/27/2018",
        "DueDate": "02/04/2019",
        "LabelType": "CSharpAdvanced",
        "ExecutionType": "InProgress"
      },
      {
        "TaskName": "Tricharia Lichen",
        "OpenDate": "08/21/2018",
        "DueDate": "01/24/2019",
        "LabelType": "JavaAdvanced",
        "ExecutionType": "ProductBacklog"
      },
      {
        "TaskName": "Munz's Buckwheat",
        "OpenDate": "07/18/2018",
        "DueDate": "12/18/2018",
        "LabelType": "CSharpAdvanced",
        "ExecutionType": "ProductBacklog"
      },
      {
        "TaskName": "American Star-thistle",
        "OpenDate": "09/21/2018",
        "DueDate": "11/29/2018",
        "LabelType": "CSharpAdvanced",
        "ExecutionType": "ProductBacklog"
      }
    ]
  },
  {
    "Username": "kmurrow9",
    "Tasks": [
      {
        "TaskName": "Lane Mountain Milkvetch",
        "OpenDate": "08/04/2018",
        "DueDate": "07/27/2019",
        "LabelType": "Priority",
        "ExecutionType": "ProductBacklog"
      },
      {
        "TaskName": "Pearson's",
        "OpenDate": "03/07/2018",
        "DueDate": "05/21/2019",
        "LabelType": "CSharpAdvanced",
        "ExecutionType": "SprintBacklog"
      },
      {
        "TaskName": "Leafy Reedgrass",
        "OpenDate": "06/22/2018",
        "DueDate": "04/28/2019",
        "LabelType": "CSharpAdvanced",
        "ExecutionType": "ProductBacklog"
      },
      {
        "TaskName": "Fineleaf",
        "OpenDate": "08/31/2018",
        "DueDate": "04/18/2019",
        "LabelType": "Hibernate",
        "ExecutionType": "ProductBacklog"
      },
      {
        "TaskName": "White Jungleflame",
        "OpenDate": "10/10/2018",
        "DueDate": "02/11/2019",
        "LabelType": "Hibernate",
        "ExecutionType": "Finished"
      },
      {
        "TaskName": "Slender Cudweed",
        "OpenDate": "07/12/2018",
        "DueDate": "01/24/2019",
        "LabelType": "Priority",
        "ExecutionType": "ProductBacklog"
      },
      {
        "TaskName": "Cypress Panicgrass",
        "OpenDate": "10/19/2018",
        "DueDate": "11/17/2018",
        "LabelType": "EntityFramework",
        "ExecutionType": "InProgress"
      }
    ]
  },
  {
    "Username": "codaly6",
    "Tasks": [
      {
        "TaskName": "Rubber Rabbitbrush",
        "OpenDate": "06/16/2018",
        "DueDate": "07/21/2019",
        "LabelType": "JavaAdvanced",
        "ExecutionType": "InProgress"
      },
      {
        "TaskName": "Bashful Four O'clock",
        "OpenDate": "05/08/2018",
        "DueDate": "04/21/2019",
        "LabelType": "JavaAdvanced",
        "ExecutionType": "ProductBacklog"
      },
      {
        "TaskName": "Fineleaf",
        "OpenDate": "08/31/2018",
        "DueDate": "04/18/2019",
        "LabelType": "Hibernate",
        "ExecutionType": "ProductBacklog"
      },
      {
        "TaskName": "Lac Tree",
        "OpenDate": "06/22/2018",
        "DueDate": "02/24/2019",
        "LabelType": "JavaAdvanced",
        "ExecutionType": "SprintBacklog"
      },
      {
        "TaskName": "Florida Toadwood",
        "OpenDate": "05/15/2018",
        "DueDate": "02/02/2019",
        "LabelType": "Priority",
        "ExecutionType": "ProductBacklog"
      },
      {
        "TaskName": "Slender Cudweed",
        "OpenDate": "07/12/2018",
        "DueDate": "01/24/2019",
        "LabelType": "Priority",
        "ExecutionType": "ProductBacklog"
      }
    ]
  },
  {
    "Username": "lmarquissn",
    "Tasks": [
      {
        "TaskName": "Pointed Gourd",
        "OpenDate": "10/08/2018",
        "DueDate": "10/24/2019",
        "LabelType": "Priority",
        "ExecutionType": "ProductBacklog"
      },
      {
        "TaskName": "Digitgrass",
        "OpenDate": "06/02/2018",
        "DueDate": "05/18/2019",
        "LabelType": "EntityFramework",
        "ExecutionType": "ProductBacklog"
      },
      {
        "TaskName": "Strawberry Clover",
        "OpenDate": "10/08/2018",
        "DueDate": "04/04/2019",
        "LabelType": "CSharpAdvanced",
        "ExecutionType": "ProductBacklog"
      },
      {
        "TaskName": "Spherical Blazing Star",
        "OpenDate": "10/15/2018",
        "DueDate": "03/08/2019",
        "LabelType": "Hibernate",
        "ExecutionType": "Finished"
      },
      {
        "TaskName": "Wirestem Buckwheat",
        "OpenDate": "04/13/2018",
        "DueDate": "11/22/2018",
        "LabelType": "Hibernate",
        "ExecutionType": "InProgress"
      },
      {
        "TaskName": "Calophyllum",
        "OpenDate": "10/09/2018",
        "DueDate": "11/15/2018",
        "LabelType": "CSharpAdvanced",
        "ExecutionType": "InProgress"
      }
    ]
  }
]